Species	Gene	Allele	AccNum	Functionality	1	2	3	4	5	6	7	8	9	10	11	12	13	14	15	16	17	18	19	20	21	22	23	24	25	26	27	28	29	30	31	32	33	34	35	36	37	38	39	40	41	42	43	44	45	46	47	48	49	50	51	52	53	54	55	56	57	58	59	60	61	62	63	64	65	66	67	68	69	70	71	72	73	74	75	76	77	78	79	80	81	82	83	84	85	86	87	88	89	90	91	92	93	94	95	96	97	98	99	100	101	102	103	104	105	106	107	108
Homosap	TRAV1-1	TRAV1-1*01	AE000658	F	G	Q	S	L	E	Q	.	P	S	E	V	T	A	V	E	G	A	I	V	Q	I	N	C	T	Y	Q	T	S	G	.	.	.	.	.	.	F	Y	G	L	S	W	Y	Q	Q	H	D	G	G	A	P	T	F	L	S	Y	N	A	L	.	.	.	.	D	G	L	E	E	T	.	.	.	.	.	G	R	F	S	S	F	L	S	R	S	D	S	Y	G	Y	L	L	L	Q	E	L	Q	M	K	D	S	A	S	Y	F	C	A	V	R
Homosap	TRAV1-1	TRAV1-1*02	X04939	(F)	G	Q	S	L	E	Q	.	P	S	E	V	T	A	V	E	G	A	I	V	Q	I	N	C	T	Y	Q	T	S	G	.	.	.	.	.	.	F	Y	G	L	S	W	Y	Q	Q	H	D	G	G	A	P	T	F	L	S	Y	N	G	L	.	.	.	.	D	G	L	E	E	T	.	.	.	.	.	G	R	F	S	S	F	L	S	R	S	D	S	Y	G	Y	L	L	L	Q	E	L	Q	M	K	D	S	A	S	Y	F	C	A
Homosap	TRAV1-2	TRAV1-2*01	AE000658	F	G	Q	N	I	D	Q	.	P	T	E	M	T	A	T	E	G	A	I	V	Q	I	N	C	T	Y	Q	T	S	G	.	.	.	.	.	.	F	N	G	L	F	W	Y	Q	Q	H	A	G	E	A	P	T	F	L	S	Y	N	V	L	.	.	.	.	D	G	L	E	E	K	.	.	.	.	.	G	R	F	S	S	F	L	S	R	S	K	G	Y	S	Y	L	L	L	K	E	L	Q	M	K	D	S	A	S	Y	L	C	A	V	R
Homosap	TRAV1-2	TRAV1-2*02	U32544	[F]	G	Q	N	I	D	Q	.	P	T	E	M	T	A	T	E	G	A	I	V	Q	I	N	C	T	Y	Q	T	S	G	.	.	.	.	.	.	F	N	G	L	F	W	Y	Q	Q	H	A	G	E	A	P	T	F	L	S	Y	N	V	L	.	.	.	.	D	G	L	E	E	K	.	.	.	.	.	G
Homosap	TRAV1-2	TRAV1-2*03	IMGT000024	F	G	Q	N	I	D	Q	.	P	T	E	M	T	A	T	E	G	A	I	V	Q	I	N	C	T	Y	Q	T	S	G	.	.	.	.	.	.	F	N	G	L	F	W	Y	Q	Q	H	A	G	E	A	P	T	F	L	S	Y	N	V	L	.	.	.	.	D	G	L	E	E	K	.	.	.	.	.	G	R	F	S	S	F	L	S	R	S	K	G	Y	S	Y	L	L	L	K	E	L	Q	M	K	D	S	A	S	Y	L	C	A	V	R
Homosap	TRAV10	TRAV10*01	AE000659	F	K	N	Q	V	E	Q	S	P	Q	S	L	I	I	L	E	G	K	N	C	T	L	Q	C	N	Y	T	V	S	P	.	.	.	.	.	.	F	S	N	L	R	W	Y	K	Q	D	T	G	R	G	P	V	S	L	T	I	M	T	F	S	.	.	.	E	N	T	K	S	N	.	.	.	.	.	G	R	Y	T	A	T	L	D	A	D	T	K	Q	S	S	L	H	I	T	A	S	Q	L	S	D	S	A	S	Y	I	C	V	V	S
Homosap	TRAV10	TRAV10*02	IMGT000024	F	K	N	Q	V	E	Q	S	P	Q	S	L	I	I	L	E	G	K	N	C	T	L	Q	C	N	Y	T	V	S	P	.	.	.	.	.	.	F	S	N	L	R	W	Y	K	Q	D	T	G	R	G	P	V	S	L	T	I	M	T	F	S	.	.	.	E	N	T	K	S	N	.	.	.	.	.	G	R	Y	T	A	T	L	D	A	D	T	K	Q	S	S	L	H	I	T	A	S	Q	L	S	D	S	A	S	Y	I	C	V	V	S
Homosap	TRAV12-1	TRAV12-1*01	AE000659	F	R	K	E	V	E	Q	D	P	G	P	F	N	V	P	E	G	A	T	V	A	F	N	C	T	Y	S	N	S	A	.	.	.	.	.	.	S	Q	S	F	F	W	Y	R	Q	D	C	R	K	E	P	K	L	L	M	S	V	Y	S	.	.	.	.	S	G	N	.	E	D	.	.	.	.	.	G	R	F	T	A	Q	L	N	R	A	S	Q	Y	I	S	L	L	I	R	D	S	K	L	S	D	S	A	T	Y	L	C	V	V	N
Homosap	TRAV12-1	TRAV12-1*02	M17657	(F)	R	K	E	V	E	Q	D	P	G	P	F	N	V	P	E	G	A	T	V	A	F	N	C	T	Y	S	N	S	A	.	.	.	.	.	.	S	Q	S	F	F	W	Y	R	Q	D	C	R	K	E	P	K	L	L	M	S	V	Y	S	.	.	.	.	S	G	N	.	E	D	.	.	.	.	.	G	R	F	T	A	H	V	N	R	A	S	Q	Y	I	S	L	L	I	R	D	S	K	L	S	D	S	A	T	Y	L	C	V	V	N
Homosap	TRAV12-2	TRAV12-2*01	AE000659	F	Q	K	E	V	E	Q	N	S	G	P	L	S	V	P	E	G	A	I	A	S	L	N	C	T	Y	S	D	R	G	.	.	.	.	.	.	S	Q	S	F	F	W	Y	R	Q	Y	S	G	K	S	P	E	L	I	M	F	I	Y	S	.	.	.	.	N	G	D	K	E	D	.	.	.	.	.	G	R	F	T	A	Q	L	N	K	A	S	Q	Y	V	S	L	L	I	R	D	S	Q	P	S	D	S	A	T	Y	L	C	A	V	N
Homosap	TRAV12-2	TRAV12-2*02	M81774	(F)	Q	K	E	V	E	Q	N	S	G	P	L	S	V	P	E	G	A	I	A	S	L	N	C	T	Y	S	D	R	G	.	.	.	.	.	.	S	Q	S	F	F	W	Y	R	Q	Y	S	G	K	S	P	E	L	I	M	S	I	Y	S	.	.	.	.	N	G	D	K	E	D	.	.	.	.	.	G	R	F	T	A	Q	L	N	K	A	S	Q	Y	V	S	L	L	I	R	D	S	Q	P	S	D	S	A	T	Y	L	C	A	V
Homosap	TRAV12-2	TRAV12-2*03	X04946	(F)	.	.	.	.	.	.	.	.	G	P	L	S	V	P	E	G	A	I	A	S	L	N	C	T	Y	S	D	R	V	.	.	.	.	.	.	S	Q	S	F	F	W	Y	R	Q	Y	S	G	K	S	P	E	L	I	M	S	I	Y	S	.	.	.	.	N	G	D	K	E	D	.	.	.	.	.	G	R	F	T	A	Q	L	N	K	A	S	Q	Y	V	S	L	L	I	R	D	S	Q	P	S	D	S	A	T	Y	L	C	A	V	N
Homosap	TRAV12-3	TRAV12-3*01	AE000659	F	Q	K	E	V	E	Q	D	P	G	P	L	S	V	P	E	G	A	I	V	S	L	N	C	T	Y	S	N	S	A	.	.	.	.	.	.	F	Q	Y	F	M	W	Y	R	Q	Y	S	R	K	G	P	E	L	L	M	Y	T	Y	S	.	.	.	.	S	G	N	K	E	D	.	.	.	.	.	G	R	F	T	A	Q	V	D	K	S	S	K	Y	I	S	L	F	I	R	D	S	Q	P	S	D	S	A	T	Y	L	C	A	M	S
Homosap	TRAV12-3	TRAV12-3*02	M17656	(F)	Q	K	E	V	E	Q	D	P	G	P	L	S	V	P	E	G	A	I	V	S	L	N	C	T	Y	S	N	S	A	.	.	.	.	.	.	F	Q	Y	F	M	W	Y	R	Q	Y	S	R	I	G	P	E	L	L	M	Y	T	Y	S	.	.	.	.	S	G	N	K	E	D	.	.	.	.	.	G	R	F	T	A	Q	V	D	K	S	S	K	Y	I	S	L	F	I	R	D	S	Q	P	S	D	S	A	T	Y	L	C	A	M	S
Homosap	TRAV13-1	TRAV13-1*01	AE000659	F	G	E	N	V	E	Q	H	P	S	T	L	S	V	Q	E	G	D	S	A	V	I	K	C	T	Y	S	D	S	A	.	.	.	.	.	.	S	N	Y	F	P	W	Y	K	Q	E	L	G	K	G	P	Q	L	I	I	D	I	R	S	N	.	.	.	V	G	E	K	K	D	.	.	.	.	.	Q	R	I	A	V	T	L	N	K	T	A	K	H	F	S	L	H	I	T	E	T	Q	P	E	D	S	A	V	Y	F	C	A	A	S
Homosap	TRAV13-1	TRAV13-1*02	X04954	(F)	G	E	N	V	E	Q	H	P	S	T	L	S	V	Q	E	G	D	S	A	V	I	K	C	T	Y	S	D	S	A	.	.	.	.	.	.	S	N	Y	F	P	W	Y	K	Q	E	L	G	K	R	P	Q	L	I	I	D	I	R	S	N	.	.	.	V	G	E	K	K	D	.	.	.	.	.	Q	R	I	A	V	T	L	N	K	T	A	K	H	F	S	L	H	I	T	E	T	Q	P	E	D	S	A	V	Y	F	C	A	A	S
Homosap	TRAV13-1	TRAV13-1*03	L11162	[F]	G	E	N	V	E	Q	H	P	S	T	L	S	V	Q	E	G	D	S	A	V	I	K	C	T	Y	S	D	S	A	.	.	.	.	.	.	S	N	Y	F	P	W	Y	K	Q	E	L	G	K	R	P	Q	L	I	I	D	I	R	S	N	.	.	.	V	G	E	K	K	D	.	.	.	.	.	Q	R	I	A	V	T	L	N	K	T	A	K	H	F	S	L	Q	I	T
Homosap	TRAV13-2	TRAV13-2*01	AE000659	F	G	E	S	V	G	L	H	L	P	T	L	S	V	Q	E	G	D	N	S	I	I	N	C	A	Y	S	N	S	A	.	.	.	.	.	.	S	D	Y	F	I	W	Y	K	Q	E	S	G	K	G	P	Q	F	I	I	D	I	R	S	N	.	.	.	M	D	K	R	Q	G	.	.	.	.	.	Q	R	V	T	V	L	L	N	K	T	V	K	H	L	S	L	Q	I	A	A	T	Q	P	G	D	S	A	V	Y	F	C	A	E	N
Homosap	TRAV13-2	TRAV13-2*02	M17658	(F)	G	E	S	V	G	L	H	L	P	T	L	S	V	Q	E	G	D	N	S	I	I	N	C	A	Y	S	N	S	A	.	.	.	.	.	.	S	D	Y	F	I	W	Y	K	Q	E	S	G	K	G	P	Q	F	I	I	D	I	R	S	N	.	.	.	M	D	K	R	Q	G	.	.	.	.	.	Q	R	V	T	V	L	L	N	K	T	V	K	H	L	S	L	Q	I	A	A	T	Q	P	G	D	S	A	V	Y	F	C	A	E
Homosap	TRAV14/DV4	TRAV14/DV4*01	M21626	F	A	Q	K	I	T	Q	T	Q	P	G	M	F	V	Q	E	K	E	A	V	T	L	D	C	T	Y	D	T	S	D	P	.	.	.	.	.	S	Y	G	L	F	W	Y	K	Q	P	S	S	G	E	M	I	F	L	I	Y	Q	G	S	Y	.	.	D	Q	Q	N	A	T	E	.	.	.	.	.	G	R	Y	S	L	N	F	Q	K	A	R	K	S	A	N	L	V	I	S	A	S	Q	L	G	D	S	A	M	Y	F	C	A	M	R	E
Homosap	TRAV14/DV4	TRAV14/DV4*02	AE000659	F	A	Q	K	I	T	Q	T	Q	P	G	M	F	V	Q	E	K	E	A	V	T	L	D	C	T	Y	D	T	S	D	Q	.	.	.	.	.	S	Y	G	L	F	W	Y	K	Q	P	S	S	G	E	M	I	F	L	I	Y	Q	G	S	Y	.	.	D	E	Q	N	A	T	E	.	.	.	.	.	G	R	Y	S	L	N	F	Q	K	A	R	K	S	A	N	L	V	I	S	A	S	Q	L	G	D	S	A	M	Y	F	C	A	M	R	E
Homosap	TRAV14/DV4	TRAV14/DV4*03	M21624	(F)	A	Q	K	I	T	Q	T	Q	P	G	M	F	V	Q	E	K	E	A	V	T	L	D	C	T	Y	D	T	S	D	P	.	.	.	.	.	S	Y	G	L	F	W	Y	K	Q	P	S	S	G	E	M	I	F	L	I	Y	Q	G	S	Y	.	.	D	Q	Q	N	A	T	E	.	.	.	.	.	G	R	Y	S	L	N	F	Q	K	A	R	K	S	A	N	L	V	I	S	A	S	Q	L	G	D	S	A	M	Y	F	C	A	M
Homosap	TRAV14/DV4	TRAV14/DV4*04	L09758	[F]	.	Q	K	I	T	Q	T	Q	P	G	M	F	V	Q	E	K	E	A	V	T	L	D	C	T	Y	D	T	S	D	Q	.	.	.	.	.	S	Y	G	L	F	W	Y	K	Q	P	S	S	G	E	M	I	F	L	I	Y	Q	G	S	Y	.	.	D	E	Q	N	A	T	E	.	.	.	.	.	G	R	Y	S	L	N	F	Q	K	A	R	K	S	A	N	L	V	I	S	A	S	Q	L	G	D	S	A	M	Y	F
Homosap	TRAV16	TRAV16*01	AE000659	F	A	Q	R	V	T	Q	P	E	K	L	L	S	V	F	K	G	A	P	V	E	L	K	C	N	Y	S	Y	S	G	.	.	.	.	.	.	S	P	E	L	F	W	Y	V	Q	Y	S	R	Q	R	L	Q	L	L	L	R	H	I	.	.	.	.	.	.	S	R	E	S	I	.	.	.	.	.	K	G	F	T	A	D	L	N	K	G	E	T	S	F	H	L	K	K	P	F	A	Q	E	E	D	S	A	M	Y	Y	C	A	L	S
Homosap	TRAV17	TRAV17*01	AE000660	F	S	Q	Q	G	E	E	D	P	Q	A	L	S	I	Q	E	G	E	N	A	T	M	N	C	S	Y	K	T	S	I	.	.	.	.	.	.	.	N	N	L	Q	W	Y	R	Q	N	S	G	R	G	L	V	H	L	I	L	I	R	S	N	.	.	.	E	R	E	K	H	S	.	.	.	.	.	G	R	L	R	V	T	L	D	T	S	K	K	S	S	S	L	L	I	T	A	S	R	A	A	D	T	A	S	Y	F	C	A	T	D
Homosap	TRAV18	TRAV18*01	AE000660	F	G	D	S	V	T	Q	T	E	G	P	V	T	L	P	E	R	A	A	L	T	L	N	C	T	Y	Q	S	S	Y	.	.	.	.	.	.	S	T	F	L	F	W	Y	V	Q	Y	L	N	K	E	P	E	L	L	L	K	S	S	E	.	.	.	.	N	Q	E	T	D	S	.	.	.	.	.	R	G	F	Q	A	S	P	I	K	S	D	S	S	F	H	L	E	K	P	S	V	Q	L	S	D	S	A	V	Y	Y	C	A	L	R
Homosap	TRAV19	TRAV19*01	AE000660	F	A	Q	K	V	T	Q	A	Q	T	E	I	S	V	V	E	K	E	D	V	T	L	D	C	V	Y	E	T	R	D	T	.	.	.	.	.	T	Y	Y	L	F	W	Y	K	Q	P	P	S	G	E	L	V	F	L	I	R	R	N	S	F	.	.	D	E	Q	N	E	I	S	.	.	.	.	.	G	R	Y	S	W	N	F	Q	K	S	T	S	S	F	N	F	T	I	T	A	S	Q	V	V	D	S	A	V	Y	F	C	A	L	S	E
Homosap	TRAV2	TRAV2*01	AE000658	F	K	D	Q	V	F	Q	.	P	S	T	V	A	S	S	E	G	A	V	V	E	I	F	C	N	H	S	V	S	N	.	.	.	.	.	.	A	Y	N	F	F	W	Y	L	H	F	P	G	C	A	P	R	L	L	V	K	G	S	.	.	.	.	.	.	K	P	S	Q	Q	.	.	.	.	.	G	R	Y	N	M	T	Y	E	R	.	.	F	S	S	S	L	L	I	L	Q	V	R	E	A	D	A	A	V	Y	Y	C	A	V	E
Homosap	TRAV2	TRAV2*02	M17659	(F)	K	D	Q	V	F	Q	.	P	S	T	V	A	S	S	E	G	A	V	V	E	I	F	C	N	H	S	V	S	N	.	.	.	.	.	.	A	Y	N	F	F	W	H	L	H	F	P	G	C	A	P	R	L	L	V	K	G	S	.	.	.	.	.	.	K	P	S	Q	Q	.	.	.	.	.	G	R	Y	N	M	T	Y	E	R	.	.	F	S	S	S	L	L	I	L	Q	V	R	E	A	D	A	A	V	Y	Y	C	A	V	A	W
Homosap	TRAV20	TRAV20*01	AE000660	F	E	D	Q	V	T	Q	S	P	E	A	L	R	L	Q	E	G	E	S	S	S	L	N	C	S	Y	T	V	S	G	.	.	.	.	.	.	L	R	G	L	F	W	Y	R	Q	D	P	G	K	G	P	E	F	L	F	T	L	Y	S	A	.	.	.	G	E	E	K	E	K	.	.	.	.	.	E	R	L	K	A	T	L	T	K	.	.	K	E	S	F	L	H	I	T	A	P	K	P	E	D	S	A	T	Y	L	C	A	V	Q
Homosap	TRAV20	TRAV20*02	IMGT000024	F	E	D	Q	V	T	Q	S	P	E	A	L	R	L	Q	E	G	E	S	S	S	L	N	C	S	Y	T	V	S	G	.	.	.	.	.	.	L	R	G	L	F	W	Y	R	Q	D	P	G	K	G	P	E	F	L	F	T	L	Y	S	A	.	.	.	G	E	E	K	E	K	.	.	.	.	.	E	R	L	K	A	T	L	T	K	.	.	K	E	S	F	L	H	I	T	A	P	K	P	E	D	S	A	T	Y	L	C	A	V	Q
Homosap	TRAV20	TRAV20*03	S60789	(F)	E	D	Q	V	T	Q	S	P	E	A	L	R	L	Q	E	G	E	S	R	S	L	N	C	S	Y	T	V	S	G	.	.	.	.	.	.	L	R	G	L	F	W	Y	R	Q	D	P	G	K	G	P	E	F	L	F	T	L	Y	S	A	.	.	.	G	E	E	K	E	K	.	.	.	.	.	E	R	L	K	A	T	L	T	K	.	.	K	E	S	F	L	H	I	T	A	P	K	P	E	D	S	A	T	Y	L	C
Homosap	TRAV20	TRAV20*04	X70305	(F)	E	D	Q	V	T	Q	S	P	E	A	L	R	L	Q	E	G	E	S	S	S	L	N	C	S	C	T	V	S	G	.	.	.	.	.	.	L	R	G	L	F	W	Y	R	Q	D	P	G	K	G	P	E	F	L	F	T	L	Y	S	A	.	.	.	G	E	E	K	E	K	.	.	.	.	.	E	R	L	K	A	T	L	T	K	.	.	K	E	S	F	L	H	I	T	A	P	K	P	E	D	S	A	T	Y	L	C	A
Homosap	TRAV21	TRAV21*01	AE000660	F	K	Q	E	V	T	Q	I	P	A	A	L	S	V	P	E	G	E	N	L	V	L	N	C	S	F	T	D	S	A	.	.	.	.	.	.	I	Y	N	L	Q	W	F	R	Q	D	P	G	K	G	L	T	S	L	L	L	I	Q	S	S	.	.	.	Q	R	E	Q	T	S	.	.	.	.	.	G	R	L	N	A	S	L	D	K	S	S	G	R	S	T	L	Y	I	A	A	S	Q	P	G	D	S	A	T	Y	L	C	A	V	R
Homosap	TRAV21	TRAV21*02	X58736	(F)	K	Q	E	V	T	Q	I	P	A	A	L	S	V	P	E	G	E	N	L	V	L	N	C	S	F	T	D	S	A	.	.	.	.	.	.	I	Y	N	L	Q	W	F	R	Q	D	P	G	K	G	L	T	S	L	L	L	I	Q	S	S	.	.	.	Q	R	E	Q	T	S	.	.	.	.	.	G	R	L	N	A	S	L	D	K	S	S	G	R	S	T	L	Y	I	A	A	S	Q	P	G	D	S	A	T	Y	L	C	A
Homosap	TRAV22	TRAV22*01	AE000660	F	G	I	Q	V	E	Q	S	P	P	D	L	I	L	Q	E	G	A	N	S	T	L	R	C	N	F	S	D	S	V	.	.	.	.	.	.	.	N	N	L	Q	W	F	H	Q	N	P	W	G	Q	L	I	N	L	F	Y	I	P	S	.	.	.	.	.	G	T	K	Q	N	.	.	.	.	.	G	R	L	S	A	T	T	V	A	T	E	R	Y	S	L	L	Y	I	S	S	S	Q	T	T	D	S	G	V	Y	F	C	A	V	E
Homosap	TRAV23/DV6	TRAV23/DV6*01	AE000660	F	Q	Q	Q	V	K	Q	S	P	Q	S	L	I	V	Q	K	G	G	I	S	I	I	N	C	A	Y	E	N	T	A	.	.	.	.	.	.	F	D	Y	F	P	W	Y	Q	Q	F	P	G	K	G	P	A	L	L	I	A	I	R	P	D	.	.	.	V	S	E	K	K	E	.	.	.	.	.	G	R	F	T	I	S	F	N	K	S	A	K	Q	F	S	L	H	I	M	D	S	Q	P	G	D	S	A	T	Y	F	C	A	A	S
Homosap	TRAV23/DV6	TRAV23/DV6*02	M17660	(F)	Q	Q	Q	V	K	Q	S	P	Q	S	L	I	V	Q	K	G	G	I	P	I	I	N	C	A	Y	E	N	T	A	.	.	.	.	.	.	F	D	Y	F	P	W	Y	Q	Q	F	P	G	K	G	P	A	L	L	I	A	I	R	P	D	.	.	.	V	S	E	K	K	E	.	.	.	.	.	G	R	F	T	I	S	F	N	K	S	A	K	Q	F	S	L	H	I	M	D	S	Q	P	G	D	S	A	T	Y	F	C	A	A	S
Homosap	TRAV23/DV6	TRAV23/DV6*03	M97704	(F)	Q	Q	Q	V	K	Q	S	P	Q	S	L	I	V	Q	K	G	G	I	S	I	I	N	C	A	Y	E	N	T	A	.	.	.	.	.	.	F	D	Y	F	P	W	Y	Q	Q	F	P	G	K	G	P	A	L	L	I	A	I	R	P	D	.	.	.	V	S	E	K	K	E	.	.	.	.	.	G	R	F	T	I	S	F	N	K	S	A	K	Q	F	S	L	H	I	M	D	S	Q	P	G	D	S	A	T	Y	F	C	A	A	S
Homosap	TRAV23/DV6	TRAV23/DV6*04	Y10411	[F]	.	Q	Q	V	K	Q	S	P	Q	S	L	I	V	Q	K	G	G	I	S	I	I	N	C	A	Y	E	N	T	A	.	.	.	.	.	.	F	D	Y	F	P	W	Y	Q	Q	F	P	G	K	G	P	A	L	L	I	A	I	R	P	D	.	.	.	V	S	E	K	K	E	.	.	.	.	.	G	R	F	T	I	S	F	N	K	S	A	K	Q	F	S	L	H	I	M	D	S	Q	P	G	D	S	A	T	Y	F	C
Homosap	TRAV23/DV6	TRAV23/DV6*05	IMGT000024	F	Q	Q	Q	V	K	Q	S	P	Q	S	L	I	V	Q	K	G	G	I	S	I	I	N	C	A	Y	E	N	T	A	.	.	.	.	.	.	F	D	Y	F	P	W	Y	Q	Q	F	P	G	K	G	P	A	L	L	I	A	I	R	P	D	.	.	.	V	S	E	K	K	E	.	.	.	.	.	G	R	F	T	I	S	F	N	K	S	A	K	Q	F	S	S	H	I	M	D	S	Q	P	G	D	S	A	T	Y	F	C	A	A	S
Homosap	TRAV24	TRAV24*01	AE000660	F	I	L	N	V	E	Q	S	P	Q	S	L	H	V	Q	E	G	D	S	T	N	F	T	C	S	F	P	S	S	N	.	.	.	.	.	.	F	Y	A	L	H	W	Y	R	W	E	T	A	K	S	P	E	A	L	F	V	M	T	L	N	.	.	.	G	D	E	K	K	K	.	.	.	.	.	G	R	I	S	A	T	L	N	T	K	E	G	Y	S	Y	L	Y	I	K	G	S	Q	P	E	D	S	A	T	Y	L	C	A	F
Homosap	TRAV24	TRAV24*02	M17661	(F)	I	L	N	V	E	Q	G	P	Q	S	L	H	V	Q	E	G	D	S	T	N	F	T	C	S	F	P	S	S	N	.	.	.	.	.	.	F	Y	A	L	H	W	Y	R	W	E	T	A	K	T	P	E	A	L	F	V	M	T	L	N	.	.	.	G	D	E	K	K	K	.	.	.	.	.	G	R	I	S	A	T	L	N	T	K	E	G	Y	S	Y	L	Y	I	K	G	S	Q	P	E	D	S	A	T	Y	L	C	A	F
Homosap	TRAV25	TRAV25*01	AE000660	F	G	Q	Q	V	M	Q	I	P	Q	Y	Q	H	V	Q	E	G	E	D	F	T	T	Y	C	N	S	S	T	T	L	.	.	.	.	.	.	.	S	N	I	Q	W	Y	K	Q	R	P	G	G	H	P	V	F	L	I	Q	L	V	K	S	.	.	.	G	E	V	K	K	Q	.	.	.	.	.	K	R	L	T	F	Q	F	G	E	A	K	K	N	S	S	L	H	I	T	A	T	Q	T	T	D	V	G	T	Y	F	C	A	G
Homosap	TRAV26-1	TRAV26-1*01	AE000660	F	D	A	K	T	T	Q	.	P	P	S	M	D	C	A	E	G	R	A	A	N	L	P	C	N	H	S	T	I	S	G	.	.	.	.	.	N	E	Y	V	Y	W	Y	R	Q	I	H	S	Q	G	P	Q	Y	I	I	H	G	L	K	.	.	.	.	.	N	N	E	T	N	.	.	.	.	.	E	M	A	S	L	I	I	T	E	D	R	K	S	S	T	L	I	L	P	H	A	T	L	R	D	T	A	V	Y	Y	C	I	V	R	V
Homosap	TRAV26-1	TRAV26-1*02	IMGT000024	F	D	A	K	T	T	Q	.	P	T	S	M	D	C	A	E	G	R	A	A	N	L	P	C	N	H	S	T	I	S	G	.	.	.	.	.	N	E	Y	V	Y	W	Y	R	Q	I	H	S	Q	G	P	Q	Y	I	I	H	G	L	K	.	.	.	.	.	N	N	E	T	N	.	.	.	.	.	E	M	A	S	L	I	I	T	E	D	R	K	S	S	T	L	I	L	P	H	A	T	L	R	D	T	A	V	Y	Y	C	I	V	R	V
Homosap	TRAV26-1	TRAV26-1*03	L06886	(F)	D	A	K	T	T	Q	.	P	P	S	M	D	C	A	E	G	R	A	A	N	L	P	C	N	H	S	T	I	S	G	.	.	.	.	.	N	E	Y	V	Y	W	Y	R	Q	I	H	S	Q	G	P	Q	N	I	I	H	G	L	K	.	.	.	.	.	N	N	E	T	N	.	.	.	.	.	E	M	A	S	L	I	I	T	E	D	R	K	S	S	T	L	I	L	P	H	A	T	L	R	D	T	A	V	Y	Y	C	I
Homosap	TRAV26-2	TRAV26-2*01	AE000660	F	D	A	K	T	T	Q	.	P	N	S	M	E	S	N	E	E	E	P	V	H	L	P	C	N	H	S	T	I	S	G	.	.	.	.	.	T	D	Y	I	H	W	Y	R	Q	L	P	S	Q	G	P	E	Y	V	I	H	G	L	T	.	.	.	.	.	S	N	V	N	N	.	.	.	.	.	R	M	A	S	L	A	I	A	E	D	R	K	S	S	T	L	I	L	H	R	A	T	L	R	D	A	A	V	Y	Y	C	I	L	R	D
Homosap	TRAV26-2	TRAV26-2*02	L11160	[F]	D	A	K	T	T	Q	.	P	N	S	M	E	S	N	E	E	E	P	V	H	L	P	C	N	H	S	T	I	S	G	.	.	.	.	.	T	D	Y	I	H	W	Y	R	Q	L	P	S	Q	G	P	E	Y	V	I	H	G	L	T	.	.	.	.	.	S	N	V	N	N	.	.	.	.	.	R	M	A	C	V	A	I	A	E	D	R	K	S	S	T
Homosap	TRAV27	TRAV27*01	AE000660	F	T	Q	L	L	E	Q	S	P	Q	F	L	S	I	Q	E	G	E	N	L	T	V	Y	C	N	S	S	S	V	F	.	.	.	.	.	.	.	S	S	L	Q	W	Y	R	Q	E	P	G	E	G	P	V	L	L	V	T	V	V	T	G	.	.	.	G	E	V	K	K	L	.	.	.	.	.	K	R	L	T	F	Q	F	G	D	A	R	K	D	S	S	L	H	I	T	A	A	Q	P	G	D	T	G	L	Y	L	C	A	G
Homosap	TRAV27	TRAV27*02	X04957	(F)	T	Q	L	L	E	Q	S	P	Q	F	L	S	I	Q	E	G	E	N	L	T	V	Y	C	N	S	S	S	V	F	.	.	.	.	.	.	.	S	S	L	Q	W	Y	R	Q	E	P	G	E	G	P	V	L	L	V	T	V	V	T	G	.	.	.	G	E	V	K	K	L	.	.	.	.	.	K	R	L	T	F	Q	F	G	D	A	R	K	D	S	S	L	H	I	T	A	A	Q	P	G	D	T	G	H	Y	L	C	A
Homosap	TRAV27	TRAV27*03	IMGT000024	F	T	Q	L	L	E	Q	S	P	Q	F	L	S	I	Q	E	G	E	N	L	T	V	Y	C	N	S	S	S	V	F	.	.	.	.	.	.	.	S	S	L	Q	W	Y	R	Q	E	P	G	E	G	P	V	L	L	V	T	V	V	T	G	.	.	.	G	E	V	K	K	L	.	.	.	.	.	K	R	L	T	F	Q	F	G	D	A	R	K	D	S	S	L	H	I	T	A	A	Q	T	G	D	T	G	L	Y	L	C	A	G
Homosap	TRAV29/DV5	TRAV29/DV5*01	AE000660	F	D	Q	Q	V	K	Q	N	S	P	S	L	S	V	Q	E	G	R	I	S	I	L	N	C	D	Y	T	N	S	M	.	.	.	.	.	.	F	D	Y	F	L	W	Y	K	K	Y	P	A	E	G	P	T	F	L	I	S	I	S	S	I	.	.	.	K	D	K	N	E	D	.	.	.	.	.	G	R	F	T	V	F	L	N	K	S	A	K	H	L	S	L	H	I	V	P	S	Q	P	G	D	S	A	V	Y	F	C	A	A	S
Homosap	TRAV29/DV5	TRAV29/DV5*02	S81645	F	D	Q	Q	V	K	Q	N	S	P	S	L	S	V	Q	E	G	R	I	S	I	L	N	C	D	Y	T	N	S	M	.	.	.	.	.	.	F	D	Y	F	L	W	Y	K	K	Y	P	A	E	G	P	T	F	L	I	S	I	S	S	I	.	.	.	K	D	K	N	E	D	.	.	.	.	.	G	R	F	T	V	F	L	N	K	S	A	K	H	L	S	L	D	I	V	P	S	Q	P	G	D	S	A	V	Y	F	C	A	A	S
Homosap	TRAV29/DV5	TRAV29/DV5*04	IMGT000024	F	D	Q	Q	V	K	Q	N	S	P	S	L	S	V	Q	E	G	R	I	S	I	L	N	C	D	Y	T	N	S	M	.	.	.	.	.	.	F	D	Y	F	L	W	Y	K	K	Y	P	A	E	G	P	T	F	L	I	S	I	S	S	I	.	.	.	K	D	K	N	E	D	.	.	.	.	.	G	R	F	T	V	F	L	N	K	S	A	K	H	L	S	L	H	I	V	P	S	Q	P	G	D	S	A	V	Y	F	C	A	A	S
Homosap	TRAV3	TRAV3*01	AE000658	F	A	Q	S	V	A	Q	P	E	D	Q	V	N	V	A	E	G	N	P	L	T	V	K	C	T	Y	S	V	S	G	.	.	.	.	.	.	N	P	Y	L	F	W	Y	V	Q	Y	P	N	R	G	L	Q	F	L	L	K	Y	I	T	G	.	.	D	N	L	V	K	G	S	.	.	.	.	.	Y	G	F	E	A	E	F	N	K	S	Q	T	S	F	H	L	K	K	P	S	A	L	V	S	D	S	A	L	Y	F	C	A	V	R	D
Homosap	TRAV30	TRAV30*01	AE000660	F	Q	Q	P	V	.	Q	S	P	Q	A	V	I	L	R	E	G	E	D	A	V	I	N	C	S	S	S	K	A	L	.	.	.	.	.	.	.	Y	S	V	H	W	Y	R	Q	K	H	G	E	A	P	V	F	L	M	I	L	L	K	G	.	.	.	G	E	Q	K	G	H	.	.	.	.	.	E	K	I	S	A	S	F	N	E	K	K	Q	Q	S	S	L	Y	L	T	A	S	Q	L	S	Y	S	G	T	Y	F	C	G	T	E
Homosap	TRAV30	TRAV30*02	X58768	(F)	Q	Q	P	V	.	Q	S	P	Q	A	V	I	L	R	E	G	E	D	A	V	T	N	C	S	S	S	K	A	L	.	.	.	.	.	.	.	Y	S	V	H	W	Y	R	Q	K	H	G	E	A	P	V	F	L	M	I	L	L	K	G	.	.	.	G	E	Q	M	R	R	.	.	.	.	.	E	K	I	S	A	S	F	N	E	K	K	Q	Q	S	S	L	Y	L	T	A	S	Q	L	S	Y	S	G	T	Y	F	C	G
Homosap	TRAV30	TRAV30*03	L06883	(F)	Q	Q	P	V	.	Q	S	P	Q	A	V	I	L	R	E	G	E	D	A	V	I	N	C	S	S	S	K	A	L	.	.	.	.	.	.	.	Y	S	V	H	W	Y	R	Q	K	H	G	E	A	P	V	F	L	M	I	L	L	K	G	.	.	.	G	E	Q	K	G	H	.	.	.	.	.	E	K	I	S	A	S	F	N	E	K	K	R	Q	S	S	L	Y	L	T	A	S	Q	L	S	Y	S	G	T	Y	F	C	G
Homosap	TRAV30	TRAV30*04	U32537	[F]	Q	Q	P	V	.	Q	S	P	Q	A	V	I	L	R	E	G	E	D	A	V	I	N	C	S	S	S	K	A	L	.	.	.	.	.	.	.	Y	S	V	H	W	Y	R	Q	K	H	G	E	A	P	V	F	L	M	I	L	L	K	G	.	.	.	G	E	Q	K	R	H	.	.	.	.	.	E	K	I	S	A	S	F	N	E	K	K	Q	Q	S	S	L	Y	L	T
Homosap	TRAV30	TRAV30*05	IMGT000024	F	Q	Q	P	V	.	Q	S	P	Q	A	V	I	L	R	E	G	E	D	A	V	I	N	C	S	S	S	K	A	L	.	.	.	.	.	.	.	Y	S	V	H	W	Y	R	Q	K	H	G	E	A	P	V	F	L	M	I	L	L	K	G	.	.	.	G	E	Q	K	G	H	.	.	.	.	.	D	K	I	S	A	S	F	N	E	K	K	Q	Q	S	S	L	Y	L	T	A	S	Q	L	S	Y	S	G	T	Y	F	C	G	T	E
Homosap	TRAV34	TRAV34*01	AE000660	F	S	Q	E	L	E	Q	S	P	Q	S	L	I	V	Q	E	G	K	N	L	T	I	N	C	T	S	S	K	T	L	.	.	.	.	.	.	.	Y	G	L	Y	W	Y	K	Q	K	Y	G	E	G	L	I	F	L	M	M	L	Q	K	G	.	.	.	G	E	E	K	S	H	.	.	.	.	.	E	K	I	T	A	K	L	D	E	K	K	Q	Q	S	S	L	H	I	T	A	S	Q	P	S	H	A	G	I	Y	L	C	G	A	D
Homosap	TRAV35	TRAV35*01	AE000660	F	G	Q	Q	L	N	Q	S	P	Q	S	M	F	I	Q	E	G	E	D	V	S	M	N	C	T	S	S	S	I	F	.	.	.	.	.	.	.	N	T	W	L	W	Y	K	Q	E	P	G	E	G	P	V	L	L	I	A	L	Y	K	A	.	.	.	G	E	L	T	S	N	.	.	.	.	.	G	R	L	T	A	Q	F	G	I	T	R	K	D	S	F	L	N	I	S	A	S	I	P	S	D	V	G	I	Y	F	C	A	G	Q
Homosap	TRAV35	TRAV35*02	X58738	(F)	G	Q	Q	L	N	Q	S	P	Q	S	M	F	I	Q	E	G	E	D	V	S	M	N	C	T	S	S	S	I	F	.	.	.	.	.	.	.	N	T	W	L	W	Y	K	Q	D	P	G	E	G	P	V	L	L	I	A	L	Y	K	A	.	.	.	G	E	L	T	S	N	.	.	.	.	.	G	R	L	T	A	Q	F	G	I	T	R	K	D	S	F	L	N	I	S	A	S	I	P	S	D	V	G	I	Y	F	C	A
Homosap	TRAV36/DV7	TRAV36/DV7*01	AE000660	F	E	D	K	V	V	Q	S	P	L	S	L	V	V	H	E	G	D	T	V	T	L	N	C	S	Y	E	V	T	N	.	.	.	.	.	.	F	R	S	L	L	W	Y	K	Q	E	K	K	A	P	.	T	F	L	F	M	L	T	S	S	.	.	.	G	I	E	K	K	S	.	.	.	.	.	G	R	L	S	S	I	L	D	K	K	E	L	S	S	I	L	N	I	T	A	T	Q	T	G	D	S	A	I	Y	L	C	A	V	E
Homosap	TRAV36/DV7	TRAV36/DV7*02	X61070	(F)	E	D	K	V	V	Q	S	P	Q	S	L	V	V	H	E	G	D	T	V	T	L	N	C	S	Y	E	M	T	N	.	.	.	.	.	.	F	R	S	L	Q	W	Y	K	Q	E	K	K	A	P	.	T	F	L	F	M	L	T	S	S	.	.	.	G	I	E	K	K	S	.	.	.	.	.	G	R	L	S	S	I	L	D	K	K	E	L	F	S	I	L	N	I	T	A	T	Q	T	G	D	S	A	V	Y	L	C	A	V
Homosap	TRAV36/DV7	TRAV36/DV7*03	X58767	(F)	E	D	K	V	V	Q	S	P	L	S	L	V	V	H	E	G	D	T	V	T	P	N	C	S	Y	E	V	T	N	.	.	.	.	.	.	F	R	S	L	L	W	Y	K	Q	E	K	K	A	P	.	T	F	L	F	M	L	T	S	S	.	.	.	G	I	E	K	K	S	.	.	.	.	.	G	R	L	S	S	I	L	D	K	K	E	L	F	S	I	L	N	I	T	A	T	Q	T	G	D	S	A	V	Y	L	C	A
Homosap	TRAV36/DV7	TRAV36/DV7*04	Z46643	(F)	E	D	K	V	V	Q	S	P	L	S	L	V	V	H	E	G	D	T	V	T	L	N	C	S	Y	E	V	T	N	.	.	.	.	.	.	F	R	S	L	L	W	Y	K	Q	E	K	K	A	P	.	T	F	L	F	M	L	T	S	S	.	.	.	G	I	E	K	K	S	.	.	.	.	.	G	R	L	S	S	I	L	D	K	K	E	L	F	S	I	L	N	I	T	A	T	Q	T	G	D	S	A	V	Y	L	C	A
Homosap	TRAV36/DV7	TRAV36/DV7*05	IMGT000024	F	E	D	K	V	V	Q	S	P	L	S	L	V	V	H	E	G	D	T	V	T	L	N	C	S	Y	E	V	T	N	.	.	.	.	.	.	F	R	S	L	L	W	Y	K	Q	E	K	K	A	P	.	T	F	L	F	M	L	T	S	S	.	.	.	G	I	E	K	K	S	.	.	.	.	.	G	R	L	S	S	I	L	D	K	K	E	L	F	S	I	L	N	I	T	A	T	Q	T	G	D	S	A	I	Y	L	C	A	V	E
Homosap	TRAV38-1	TRAV38-1*01	AE000661	F	A	Q	T	V	T	Q	S	Q	P	E	M	S	V	Q	E	A	E	T	V	T	L	S	C	T	Y	D	T	S	E	N	.	.	.	.	.	N	Y	Y	L	F	W	Y	K	Q	P	P	S	R	Q	M	I	L	V	I	R	Q	E	A	Y	.	.	K	Q	Q	N	A	T	E	.	.	.	.	.	N	R	F	S	V	N	F	Q	K	A	A	K	S	F	S	L	K	I	S	D	S	Q	L	G	D	T	A	M	Y	F	C	A	F	M	K
Homosap	TRAV38-1	TRAV38-1*02	M64355	(F)	A	Q	T	V	T	Q	S	Q	P	E	M	S	V	Q	E	A	E	T	V	T	L	S	C	T	Y	D	T	S	E	N	.	.	.	.	.	D	Y	Y	L	F	W	Y	K	Q	P	P	S	R	Q	M	I	L	V	I	R	Q	E	A	Y	.	.	K	Q	Q	N	A	T	E	.	.	.	.	.	N	R	F	S	V	N	F	Q	K	A	A	K	S	F	S	L	K	I	S	D	S	Q	L	G	D	T	A	M	Y	F	C	A
Homosap	TRAV38-1	TRAV38-1*03	M95394	(F)	A	Q	T	V	T	Q	S	Q	P	E	M	S	V	Q	E	A	E	T	V	T	L	S	C	T	Y	D	T	S	E	S	.	.	.	.	.	N	Y	Y	L	F	W	Y	K	Q	P	P	S	R	Q	M	I	L	V	I	R	Q	E	A	Y	.	.	K	Q	Q	N	A	T	E	.	.	.	.	.	N	R	F	S	V	N	F	Q	K	A	A	K	S	F	S	L	K	I	S	D	S	Q	L	G	D	T	A	M	Y	F	C	A	F
Homosap	TRAV38-1	TRAV38-1*04	L06880	(F)	A	Q	T	V	T	Q	S	Q	P	E	M	S	V	Q	E	A	E	T	V	T	L	S	C	T	Y	D	T	S	E	N	.	.	.	.	.	N	Y	Y	L	F	W	Y	K	Q	P	P	S	R	Q	M	I	L	V	I	R	Q	E	A	Y	.	.	K	Q	Q	N	A	T	E	.	.	.	.	.	N	R	F	S	V	N	F	Q	K	A	A	K	S	F	S	L	K	I	S	D	S	Q	L	G	D	T	A	M	Y	F	C	A
Homosap	TRAV38-2/DV8	TRAV38-2/DV8*01	AE000661	F	A	Q	T	V	T	Q	S	Q	P	E	M	S	V	Q	E	A	E	T	V	T	L	S	C	T	Y	D	T	S	E	S	.	.	.	.	.	D	Y	Y	L	F	W	Y	K	Q	P	P	S	R	Q	M	I	L	V	I	R	Q	E	A	Y	.	.	K	Q	Q	N	A	T	E	.	.	.	.	.	N	R	F	S	V	N	F	Q	K	A	A	K	S	F	S	L	K	I	S	D	S	Q	L	G	D	A	A	M	Y	F	C	A	Y	R	S
Homosap	TRAV39	TRAV39*01	AE000661	F	E	L	K	V	E	Q	N	P	L	F	L	S	M	Q	E	G	K	N	Y	T	I	Y	C	N	Y	S	T	T	S	.	.	.	.	.	.	.	D	R	L	Y	W	Y	R	Q	D	P	G	K	S	L	E	S	L	F	V	L	L	S	N	.	.	.	G	A	V	K	Q	E	.	.	.	.	.	G	R	L	M	A	S	L	D	T	K	A	R	L	S	T	L	H	I	T	A	A	V	H	D	L	S	A	T	Y	F	C	A	V	D
Homosap	TRAV4	TRAV4*01	AE000658	F	L	A	K	T	T	Q	.	P	I	S	M	D	S	Y	E	G	Q	E	V	N	I	T	C	S	H	N	N	I	A	T	.	.	.	.	.	N	D	Y	I	T	W	Y	Q	Q	F	P	S	Q	G	P	R	F	I	I	Q	G	Y	K	.	.	.	.	.	T	K	V	T	N	.	.	.	.	.	E	V	A	S	L	F	I	P	A	D	R	K	S	S	T	L	S	L	P	R	V	S	L	S	D	T	A	V	Y	Y	C	L	V	G	D
Homosap	TRAV40	TRAV40*01	X73521	F	S	N	S	V	K	Q	T	.	G	Q	I	T	V	S	E	G	A	S	V	T	M	N	C	T	Y	T	S	T	G	.	.	.	.	.	.	Y	P	T	L	F	W	Y	V	E	Y	P	S	K	P	L	Q	L	L	Q	R	E	T	.	.	.	.	.	.	M	E	N	S	K	.	.	.	.	.	N	F	G	G	G	N	I	K	D	.	.	K	N	S	P	I	V	K	Y	S	V	Q	V	S	D	S	A	V	Y	Y	C	L	L	G
Homosap	TRAV41	TRAV41*01	AE000661	F	K	N	E	V	E	Q	S	P	Q	N	L	T	A	Q	E	G	E	F	I	T	I	N	C	S	Y	S	V	G	I	.	.	.	.	.	.	.	S	A	L	H	W	L	Q	Q	H	P	G	G	G	I	V	S	L	F	M	L	S	S	.	.	.	.	.	G	K	K	K	H	.	.	.	.	.	G	R	L	I	A	T	I	N	I	Q	E	K	H	S	S	L	H	I	T	A	S	H	P	R	D	S	A	V	Y	I	C	A	V	R
Homosap	TRAV5	TRAV5*01	AE000659	F	G	E	D	V	E	Q	S	.	L	F	L	S	V	R	E	G	D	S	S	V	I	N	C	T	Y	T	D	S	S	.	.	.	.	.	.	S	T	Y	L	Y	W	Y	K	Q	E	P	G	A	G	L	Q	L	L	T	Y	I	F	S	N	.	.	.	M	D	M	K	Q	D	.	.	.	.	.	Q	R	L	T	V	L	L	N	K	K	D	K	H	L	S	L	R	I	A	D	T	Q	T	G	D	S	A	I	Y	F	C	A	E	S
Homosap	TRAV6	TRAV6*01	AE000659	F	S	Q	K	I	E	Q	N	S	E	A	L	N	I	Q	E	G	K	T	A	T	L	T	C	N	Y	T	N	Y	S	.	.	.	.	.	.	P	A	Y	L	Q	W	Y	R	Q	D	P	G	R	G	P	V	F	L	L	L	I	R	E	N	.	.	.	E	K	E	K	R	K	.	.	.	.	.	E	R	L	K	V	T	F	D	T	T	L	K	Q	S	L	F	H	I	T	A	S	Q	P	A	D	S	A	T	Y	L	C	A	L	D
Homosap	TRAV6	TRAV6*02	X58747	(F)	S	Q	K	I	E	Q	N	S	E	A	L	N	I	Q	E	G	K	T	A	T	L	T	C	N	Y	T	N	Y	S	.	.	.	.	.	.	P	A	Y	L	Q	W	Y	R	Q	D	P	G	R	G	P	V	F	L	L	L	I	R	E	N	.	.	.	E	K	E	K	R	K	.	.	.	.	.	E	R	L	K	V	T	F	D	T	T	L	K	Q	S	L	F	H	I	T	A	S	Q	P	A	D	S	A	T	Y	L	C	A
Homosap	TRAV6	TRAV6*03	Z49060	[F]	.	.	.	.	.	.	.	.	E	A	L	N	I	Q	E	G	K	T	A	T	L	T	C	N	Y	T	N	Y	S	.	.	.	.	.	.	P	A	Y	L	Q	W	Y	R	Q	D	P	G	R	G	P	V	F	L	L	L	I	R	E	N	.	.	.	E	K	E	K	R	K	.	.	.	.	.	E	R	L	K	V	T	F	D	T	T	L	K	Q	S	L	F	H	I	T	A	S	Q	P	A	D	S	A	T	Y	L	C	A
Homosap	TRAV6	TRAV6*04	Y10409	[F]	.	.	.	.	.	.	.	.	E	A	L	N	I	Q	E	G	K	T	A	T	L	T	C	N	Y	T	N	Y	S	.	.	.	.	.	.	P	A	Y	L	Q	W	Y	R	Q	D	P	G	R	G	P	V	F	L	L	L	I	R	E	N	.	.	.	E	K	E	K	R	K	.	.	.	.	.	E	R	L	K	V	T	F	D	T	T	L	K	Q	S	L	F	H	V	T	A	S	Q	P	A	D	S	A	T	Y	L	C	A
Homosap	TRAV6	TRAV6*05	Y10410	[F]	.	.	.	.	.	.	.	.	E	A	L	N	I	Q	E	G	K	T	A	T	L	T	C	N	Y	T	N	Y	S	.	.	.	.	.	.	P	A	Y	L	Q	W	Y	R	Q	D	P	G	R	G	P	V	F	L	L	L	I	R	E	N	.	.	.	E	K	E	K	R	K	.	.	.	.	.	E	R	L	K	V	T	F	D	T	T	L	K	Q	S	L	F	H	I	T	A	S	Q	P	A	D	S	A	T	Y	L	C	A
Homosap	TRAV6	TRAV6*06	U32542	[F]	S	Q	K	I	E	Q	N	S	E	A	L	N	I	Q	E	G	K	T	A	T	L	T	C	N	Y	T	N	Y	S	.	.	.	.	.	.	P	A	Y	L	Q	W	Y	R	Q	D	P	G	R	G	P	V	F	L	L	L	I	R	E	N	.	.	.	E	K	E	K	R	K	.	.	.	.	.	E	R	L	K	V	T	F	D	T	T	L	N	Q
Homosap	TRAV6	TRAV6*07	IMGT000024	F	S	Q	K	I	E	Q	N	S	E	A	L	N	I	Q	E	G	K	T	A	T	L	T	C	N	Y	T	N	Y	S	.	.	.	.	.	.	P	A	Y	L	Q	W	Y	R	Q	D	P	G	R	G	P	V	F	L	L	L	I	R	E	N	.	.	.	E	K	E	K	R	K	.	.	.	.	.	E	R	L	K	V	T	F	D	T	T	L	K	Q	S	L	F	H	I	T	A	S	Q	P	A	D	S	A	T	Y	L	C	A	L	D
Homosap	TRAV7	TRAV7*01	AE000659	F	E	N	Q	V	E	H	S	P	H	F	L	G	P	Q	Q	G	D	V	A	S	M	S	C	T	Y	S	V	S	R	.	.	.	.	.	.	F	N	N	L	Q	W	Y	R	Q	N	T	G	M	G	P	K	H	L	L	S	M	Y	S	A	.	.	.	G	Y	E	K	Q	K	.	.	.	.	.	G	R	L	N	A	T	L	L	K	.	.	N	G	S	S	L	Y	I	T	A	V	Q	P	E	D	S	A	T	Y	F	C	A	V	D
Homosap	TRAV8-1	TRAV8-1*01	AE000659	F	A	Q	S	V	S	Q	H	N	H	H	V	I	L	S	E	A	A	S	L	E	L	G	C	N	Y	S	Y	G	G	.	.	.	.	.	.	T	V	N	L	F	W	Y	V	Q	Y	P	G	Q	H	L	Q	L	L	L	K	Y	F	S	G	.	.	D	P	L	V	K	G	I	.	.	.	.	.	K	G	F	E	A	E	F	I	K	S	K	F	S	F	N	L	R	K	P	S	V	Q	W	S	D	T	A	E	Y	F	C	A	V	N
Homosap	TRAV8-1	TRAV8-1*02	U32520	[F]	A	Q	S	V	S	Q	H	N	H	H	V	I	L	S	E	A	A	S	L	E	L	G	C	N	Y	S	Y	G	G	.	.	.	.	.	.	T	V	N	L	F	W	Y	V	Q	Y	P	G	Q	H	L	Q	L	L	L	K	Y	F	S	G	.	.	D	P	L	V	K	G	I	.	.	.	.	.	K	G	V	E	A	E	F	I	K	S	K	F	S	F	N	L	R	K	P	S	V	Q	W
Homosap	TRAV8-2	TRAV8-2*01	AE000659	F	A	Q	S	V	T	Q	L	D	S	H	V	S	V	S	E	G	T	P	V	L	L	R	C	N	Y	S	S	S	Y	.	.	.	.	.	.	S	P	S	L	F	W	Y	V	Q	H	P	N	K	G	L	Q	L	L	L	K	Y	T	S	A	.	.	A	T	L	V	K	G	I	.	.	.	.	.	N	G	F	E	A	E	F	K	K	S	E	T	S	F	H	L	T	K	P	S	A	H	M	S	D	A	A	E	Y	F	C	V	V	S
Homosap	TRAV8-2	TRAV8-2*02	M17650	(F)	A	Q	S	V	T	Q	L	S	S	H	V	S	V	S	E	G	T	P	V	L	L	R	C	N	Y	S	S	S	Y	.	.	.	.	.	.	S	P	S	L	F	W	Y	V	Q	H	P	N	K	G	L	Q	L	L	L	K	Y	T	S	A	.	.	A	T	L	V	K	G	I	.	.	.	.	.	N	G	F	E	A	E	F	K	K	S	E	T	S	F	H	L	T	K	P	S	A	H	M	S	D	A	A	E	Y	F	C	V	V
Homosap	TRAV8-2	TRAV8-2*03	IMGT000024	F	A	Q	S	V	T	Q	L	D	S	H	V	S	V	S	E	G	T	P	V	L	L	R	C	N	Y	S	S	S	Y	.	.	.	.	.	.	S	P	S	L	F	W	Y	V	Q	H	P	N	K	G	L	Q	L	L	L	K	Y	T	S	A	.	.	A	T	L	V	K	G	I	.	.	.	.	.	N	G	F	E	A	E	F	K	K	S	E	T	S	F	H	L	T	K	P	S	A	H	M	S	D	A	A	E	Y	F	C	V	V	S
Homosap	TRAV8-3	TRAV8-3*01	AE000659	F	A	Q	S	V	T	Q	P	D	I	H	I	T	V	S	E	G	A	S	L	E	L	R	C	N	Y	S	Y	G	A	.	.	.	.	.	.	T	P	Y	L	F	W	Y	V	Q	S	P	G	Q	G	L	Q	L	L	L	K	Y	F	S	G	.	.	D	T	L	V	Q	G	I	.	.	.	.	.	K	G	F	E	A	E	F	K	R	S	Q	S	S	F	N	L	R	K	P	S	V	H	W	S	D	A	A	E	Y	F	C	A	V	G
Homosap	TRAV8-3	TRAV8-3*02	M35617	(F)	A	Q	S	V	T	Q	P	D	I	H	I	T	V	S	E	G	A	S	L	E	L	R	C	N	Y	S	Y	G	A	.	.	.	.	.	.	T	P	Y	L	F	W	Y	V	Q	S	P	G	Q	G	L	Q	L	L	L	K	Y	F	S	G	.	.	D	T	L	V	Q	G	I	.	.	.	.	.	K	G	F	E	A	E	F	K	R	S	Q	S	S	F	N	L	R	K	P	S	V	H	W	S	D	A	A	E	Y	F	C	A	V	V
Homosap	TRAV8-3	TRAV8-3*03	L06885	(F)	A	Q	S	V	T	Q	P	D	I	H	I	T	V	S	E	G	A	S	L	E	L	R	C	N	Y	S	Y	G	A	.	.	.	.	.	.	T	P	Y	L	F	W	Y	V	Q	S	P	G	Q	G	L	Q	L	L	L	K	Y	F	S	G	.	.	D	T	L	V	Q	G	I	.	.	.	.	.	K	G	F	E	A	E	F	K	R	S	Q	S	S	F	N	L	R	K	P	S	V	H	W	S	D	A	S	E	Y	F	C	A
Homosap	TRAV8-4	TRAV8-4*01	AE000659	F	A	Q	S	V	T	Q	L	G	S	H	V	S	V	S	E	G	A	L	V	L	L	R	C	N	Y	S	S	S	V	.	.	.	.	.	.	P	P	Y	L	F	W	Y	V	Q	Y	P	N	Q	G	L	Q	L	L	L	K	Y	T	S	A	.	.	A	T	L	V	K	G	I	.	.	.	.	.	N	G	F	E	A	E	F	K	K	S	E	T	S	F	H	L	T	K	P	S	A	H	M	S	D	A	A	E	Y	F	C	A	V	S
Homosap	TRAV8-4	TRAV8-4*02	M12423	(F)	A	Q	S	V	T	Q	L	G	S	H	V	S	V	S	E	G	A	L	V	L	L	R	C	N	Y	S	S	S	V	.	.	.	.	.	.	P	P	Y	L	F	W	Y	V	Q	Y	P	N	Q	G	L	Q	L	L	L	K	Y	T	S	A	.	.	A	T	L	V	K	G	I	.	.	.	.	.	N	G	F	E	A	E	F	K	K	S	E	T	S	F	H	L	T	K	P	S	A	H	M	S	D	A	A	E	Y	F	C	A	V	S
Homosap	TRAV8-4	TRAV8-4*03	D13077	(F)	A	Q	S	V	T	Q	L	G	S	H	V	S	V	S	E	G	A	L	V	L	L	R	C	N	Y	S	S	S	V	.	.	.	.	.	.	P	P	Y	L	F	W	Y	V	Q	Y	P	N	Q	G	L	Q	L	L	L	K	Y	T	T	G	.	.	A	T	L	V	K	G	I	.	.	.	.	.	N	G	F	E	A	E	F	K	K	S	E	T	S	F	H	L	T	K	P	S	A	H	M	S	D	A	A	E	Y	F	C	A
Homosap	TRAV8-4	TRAV8-4*04	M12959	(F)	A	Q	S	V	T	Q	L	G	S	H	V	S	V	S	E	R	A	L	V	L	L	R	C	N	Y	S	S	S	V	.	.	.	.	.	.	P	P	Y	L	F	W	Y	V	Q	Y	P	N	Q	G	L	Q	L	L	L	K	Y	T	S	A	.	.	A	T	L	V	K	G	I	.	.	.	.	.	N	G	F	E	A	E	F	K	K	S	E	T	S	F	H	L	T	K	P	S	A	H	M	S	D	A	A	E	Y	F	C	A	V	S
Homosap	TRAV8-4	TRAV8-4*05	X63455	(F)	A	Q	S	V	T	Q	L	G	S	H	V	S	V	S	E	G	A	L	V	L	L	R	C	N	Y	S	S	S	V	.	.	.	.	.	.	P	P	Y	L	F	W	Y	V	Q	Y	P	N	Q	G	L	Q	L	L	L	K	Y	T	S	A	.	.	A	T	L	V	K	G	I	.	.	.	.	.	N	G	F	E	A	E	F	K	K	S	E	T	S	F	H	L	T	K	P	S	A	H	M	S	D	A	A	E	Y	F	C	A	V	S
Homosap	TRAV8-4	TRAV8-4*06	K02777	(F)	.	.	.	.	.	.	.	.	.	.	.	.	.	.	.	.	.	.	.	.	.	.	G	A	T	H	Y	C	C	.	.	.	.	.	.	P	P	I	L	F	W	Y	V	Q	Y	P	N	Q	G	L	Q	L	L	L	K	Y	T	S	A	.	.	A	T	L	V	K	G	I	.	.	.	.	.	N	G	F	E	A	E	F	K	K	S	E	T	S	F	H	L	T	K	P	A	A	H	M	S	D	A	A	E	Y	F	C	A	V	S
Homosap	TRAV8-4	TRAV8-4*07	M17665	(F)	.	.	.	.	.	.	.	.	.	.	.	.	.	.	.	.	.	.	.	.	.	.	.	.	.	.	V	E	.	.	.	.	.	.	.	.	P	Y	L	F	W	Y	V	Q	Y	P	N	Q	G	L	Q	L	L	L	K	Y	T	T	G	.	.	A	T	L	V	K	G	I	.	.	.	.	.	N	G	F	E	A	E	F	K	K	S	E	T	S	F	H	L	T	K	P	S	A	H	M	T	D	P	A	E	Y	F	C	A	V
Homosap	TRAV8-6	TRAV8-6*01	X02850	F	A	Q	S	V	T	Q	L	D	S	Q	V	P	V	F	E	E	A	P	V	E	L	R	C	N	Y	S	S	S	V	.	.	.	.	.	.	S	V	Y	L	F	W	Y	V	Q	Y	P	N	Q	G	L	Q	L	L	L	K	Y	L	S	G	.	.	S	T	L	V	E	S	I	.	.	.	.	.	N	G	F	E	A	E	F	N	K	S	Q	T	S	F	H	L	R	K	P	S	V	H	I	S	D	T	A	E	Y	F	C	A	V	S
Homosap	TRAV8-6	TRAV8-6*02	AE000659	F	A	Q	S	V	T	Q	L	D	S	Q	V	P	V	F	E	E	A	P	V	E	L	R	C	N	Y	S	S	S	V	.	.	.	.	.	.	S	V	Y	L	F	W	Y	V	Q	Y	P	N	Q	G	L	Q	L	L	L	K	Y	L	S	G	.	.	S	T	L	V	K	G	I	.	.	.	.	.	N	G	F	E	A	E	F	N	K	S	Q	T	S	F	H	L	R	K	P	S	V	H	I	S	D	T	A	E	Y	F	C	A	V	S
Homosap	TRAV9-1	TRAV9-1*01	AE000659	F	G	D	S	V	V	Q	T	E	G	Q	V	L	P	S	E	G	D	S	L	I	V	N	C	S	Y	E	T	T	Q	.	.	.	.	.	.	Y	P	S	L	F	W	Y	V	Q	Y	P	G	E	G	P	Q	L	H	L	K	A	M	K	A	.	.	.	N	D	K	G	R	N	.	.	.	.	.	K	G	F	E	A	M	Y	R	K	E	T	T	S	F	H	L	E	K	D	S	V	Q	E	S	D	S	A	V	Y	F	C	A	L	S
Homosap	TRAV9-2	TRAV9-2*01	AE000659	F	G	N	S	V	T	Q	M	E	G	P	V	T	L	S	E	E	A	F	L	T	I	N	C	T	Y	T	A	T	G	.	.	.	.	.	.	Y	P	S	L	F	W	Y	V	Q	Y	P	G	E	G	L	Q	L	L	L	K	A	T	K	A	.	.	.	D	D	K	G	S	N	.	.	.	.	.	K	G	F	E	A	T	Y	R	K	E	T	T	S	F	H	L	E	K	G	S	V	Q	V	S	D	S	A	V	Y	F	C	A	L	S
Homosap	TRAV9-2	TRAV9-2*02	IMGT000024	F	G	D	S	V	T	Q	M	E	G	P	V	T	L	S	E	E	A	F	L	T	I	N	C	T	Y	T	A	T	G	.	.	.	.	.	.	Y	P	S	L	F	W	Y	V	Q	Y	P	G	E	G	L	Q	L	L	L	K	A	T	K	A	.	.	.	D	D	K	G	S	N	.	.	.	.	.	K	G	F	E	A	T	Y	R	K	E	T	T	S	F	H	L	E	K	G	S	V	Q	V	S	D	S	A	V	Y	F	C	A	L	S
Homosap	TRAV9-2	TRAV9-2*03	L06881	(F)	G	D	S	V	T	Q	M	E	G	P	V	T	L	S	E	E	A	F	L	T	I	N	C	T	Y	T	A	T	G	.	.	.	.	.	.	Y	P	S	L	F	W	Y	V	Q	Y	P	G	E	G	L	Q	L	L	L	K	A	T	K	A	.	.	.	D	D	K	G	S	N	.	.	.	.	.	K	G	F	E	A	T	Y	R	K	E	T	T	S	F	H	L	E	K	G	S	V	Q	V	S	D	S	A	V	Y	F	C	A
Homosap	TRAV9-2	TRAV9-2*04	L06882	(F)	G	N	S	V	T	Q	M	E	G	P	V	T	L	S	E	E	A	F	L	T	I	N	C	T	Y	T	A	T	G	.	.	.	.	.	.	Y	P	S	L	F	W	Y	V	Q	Y	P	G	E	G	L	Q	L	L	L	K	A	T	K	A	.	.	.	D	D	K	G	S	N	.	.	.	.	.	K	G	F	E	A	T	Y	R	K	E	T	T	S	F	H	L	E	K	G	S	V	Q	V	S	D	S	A	V	Y	F	C	A
